wh_id,wh_document_id,wh_name,adress,latitude,longitude,tipe_wh
208,ASTR-ASTR,ASTRO,"PT. ASTRO TECHNOLOGIES INDONESIA,  Jl. Bintang Mas, Nanggewer, Kec. Cibinong, Kabupaten Bogor (Depan perumahan puri alam kencana 2)",-6.50774264,106.8380837,B2B_WAREHOUSE
125,BRW-BRW,RS Brawijaya Duren Tiga,"l. Duren Tiga Raya No.5, RT.1/RW.1, Pancoran, Kec. Pancoran, Kota Jakarta Selatan, Daerah Khusus Ibukota Jakarta 12780",-6.252956244,106.8411558,B2B_WAREHOUSE
146,MGL-MGL,Magal Pecenongan,"Jl. Pecenongan No. 67 ABC RT 003 RW 002, Kebon Kelapa Gambir, Jakarta Pusat, DKI Jakarta.
10120",-6.162532923,106.8264436,B2B_WAREHOUSE
492,WSI-ANCB,Washoku Sato,"Kantor Pusat Indomaret
(kirim ke alamat WSI Batu Tulis)
Jl. Batu Tulis Raya Jl. Pecenongan No.40, RT.3/RW.2, Kb. Klp., Kecamatan Gambir, Kota Jakarta Pusat, Daerah Khusus Ibukota Jakarta 10120",-6.162780625,106.8249181,B2B_WAREHOUSE
99,WSI-BTS,Washoku Sato,"Jl. Batu Tulis Raya Jl. Pecenongan No.40, RT.3/RW.2, Kb. Klp., Kecamatan Gambir, Kota Jakarta Pusat, Daerah Khusus Ibukota Jakarta 10120",-6.162780625,106.8249181,B2B_WAREHOUSE
100,WSI-PIK,Washoku Sato,"Washoku Sato PIK
Pulau Maju Bersama Golf Island Pantai Indah Kapuk Kel. Kamal Muara Kec. Penjaringan Jakarta Utara",-6.092898893,106.750792,B2B_WAREHOUSE
101,WSI-BSD,Washoku Sato,"Washoku Sato BSD
Jl. Raya Serpong Sektor IV BSD Plaza No. Zona B 104 Lengkong Wetan Serpong",-6.279432104,106.6625661,B2B_WAREHOUSE
277,WSI-ANC,Washoku Sato,"Kantor Pusat Indomaret
1, Jl. Ancol barat I No.9, RT.1/RW.2, Ancol, Kec. Pademangan, Jkt Utara, Daerah Khusus Ibukota Jakarta 14430",-6.124880607,106.8144582,B2B_WAREHOUSE
175,BKB-BKB,Bunka lot butter,"Bunka Lot Butter
Mall Bintaro Jaya X Change Lantai LG Unit 131, Bintaro Jaya Sektor 7, Jl. Boulevard Bintaro Jaya No.2 Blok O, Pd. Jaya, Kec. Pd. Aren, Kota Tangerang Selatan, Banten 15117",-6.285695836,106.7283295,B2B_WAREHOUSE
245,RFS-HANG,Ramen For The Soul,"Ramen For The Soul Hang Lekir
Jl. Hang Lekir 2 No.4A - 4B, RT.9/RW.6, Gunung, Kec. Kby. Baru, Kota Jakarta Selatan, Daerah Khusus Ibukota Jakarta 12120",-6.229227607,106.795985,B2B_WAREHOUSE
246,RFS-WOLT,Ramen For The Soul,"Ramen For The Soul Wolter 
Jl. Wolter Monginsidi No.27, Rw. Bar., Kec. Kby. Baru, Kota Jakarta Selatan, Daerah Khusus Ibukota Jakarta 12180",-6.238739423,106.8077837,B2B_WAREHOUSE
217,MBL-MBL,Maison Bleu Centre Of Culinary Art,"Maison Bleu Centre Of Culinary Art Kemang 
Colony 6 Kemang Lt 2, Jl. Kemang Raya No.6, RT.13/RW.1, Bangka, Kec. Mampang Prpt., Kota Jakarta Selatan, Daerah Khusus Ibukota Jakarta 12730",-6.255219235,106.8103426,B2B_WAREHOUSE
138,ADS-ADS,Adidas,"ADIDAS
Loading Dock, B2, Menara Astra. Jl. Jend. Sudirman, Kav. 5-6, Jakarta, 10220",-6.207044007,106.821354,B2B_WAREHOUSE
252,LML-LML,La Mala,"LaMala, Bintaro Jaya Xchange Mall 2
Jl. Lkr. Jaya Pd No.12 Lantai FF (Lt. 1), Unit F14, Jaya, Kec. Pd. Aren, Kota Tangerang Selatan, Banten 15220 (deket XXI)",-6.285344107,106.7296157,B2B_WAREHOUSE
126,HYP-HYP,HYPEFAST,"Hypefast Lantai 5 -  Graha Binakarsa, Jl. H. R. Rasuna Said 5th Floor, Karet Kuningan, Setiabudi, South Jakarta City, Jakarta 12980 (gedung samping RS Mayapada)",-6.21867668,106.8319512,B2B_WAREHOUSE
111,SDJ-CNRE,Bakmi Sedjuk,"Sedjuk Bakmi & Kopi Cinere
Jl. Madrasah 1 No.52, Gandul, Kec. Cinere, Kota Depok, Jawa Barat 16514",-6.342590351,106.785995,B2B_WAREHOUSE
112,SDJ-SDJE,Bakmi Sedjuk,"Sedjuk Express - Pejaten
 Jl. Pejaten Barat I No.16B, RT.12/RW.8, Pejaten Bar., Ps. Minggu, Kota Jakarta Selatan, Daerah Khusus Ibukota Jakarta 12510, Indonesia",-6.272639308,106.8245821,B2B_WAREHOUSE
108,SDJ-PSBC,Bakmi Sedjuk,"Sedjuk Bakmi & Kopi Posbloc
Jl. Pos No.2, Ps. Baru, Kecamatan Sawah Besar, Kota Jakarta Pusat, Daerah Khusus Ibukota Jakarta 10110",-6.166635458,106.8334733,B2B_WAREHOUSE
104,SDJ-SCBD,Bakmi Sedjuk,"Sedjuk Bakmi & Kopi SCBD
Jl. Tulodong Bawah X No.18, RT.4/RW.1, Senayan, Kec. Kby. Baru, Kota Jakarta Selatan, Daerah Khusus Ibukota Jakarta 12190",-6.227203924,106.8117673,B2B_WAREHOUSE
105,SDJ-BNTR,Bakmi Sedjuk,"Sedjuk Bakmi & Kopi Bintaro 
Jl. Merpati Raya No.8, Sawah Lama, Tangerang Selatan, Kota Tangerang Selatan, Banten 15413",-6.300859265,106.7315001,B2B_WAREHOUSE
109,SDJ-CJTA,Bakmi Sedjuk,"Sedjuk Bakmi & Kopi Cijantung
Jl. Pedati Sel., RT.3/RW.6, Cijantung, Kec. Ps. Rebo, Kota Jakarta Timur, Daerah Khusus Ibukota Jakarta 13770",-6.320511067,106.8643024,B2B_WAREHOUSE
107,SDJ-PJTN,Bakmi Sedjuk,"Sedjuk Bakmi & Kopi Pejaten
Jl. Pejaten Barat II No.23A, RT.4/RW.8, Pejaten Bar., Ps. Minggu, Kota Jakarta Selatan, Daerah Khusus Ibukota Jakarta 12510",-6.270868859,106.8256587,B2B_WAREHOUSE
113,SDJ-CBLH,Bakmi Sedjuk,"Sedjuk Bakmi & Kopi - Cibuluh (pengiriman ke CK PT Hello Man Djigo) Jl. Merpati Raya No.8, Sawah Lama, Tangerang Selatan, Kota Tangerang Selatan, Banten 15413",-6.300188929,106.7322138,B2B_WAREHOUSE
114,SDJ-KTBT,Bakmi Sedjuk,"Sedjuk Bakmi & Kopi - Kota Bintang
 Grand Kota Bintang Plaza XXI, Jl. Grand Kota Bintang, RT.006/RW.017, Jakasampurna, Kec. Bekasi Bar., Kota Bekasi, Jawa Barat
 17145",-6.245709091,106.9559936,B2B_WAREHOUSE
209,SDJ-ODSS,Bakmi Sedjuk,"Sedjuk Odyssey - SCBD Park
SCBD Park, Lot 8 Jl. Jenderal Sudirman Kav. 52 - 53, SCBD, Kebayoran Baru, Jakarta Selatan",-6.228969215,106.8094602,B2B_WAREHOUSE
285,SDJ-SOET,Bakmi Sedjuk,"Sedjuk Bakmi & Kopi - Soekarno Hatta Terminal 1C
(pengiriman ke CK PT Hello Man Djigo)
Jl. Merpati Raya No.8, Sawah Lama, Tangerang Selatan, Kota Tangerang Selatan, Banten 15413",-6.300188929,106.7322138,B2B_WAREHOUSE
487,SDJ-SMB,Bakmi Sedjuk,"Sedjuk Bakmi & Kopi - SMB2
(masuk via loading dock dan antar ke outlet)
Summarecon Mal Bekasi Lantai 3, Jl. Bulevard Ahmad Yani Blok M Sentra Summarecon Bekasi Bekasi 17142",-6.22577541,106.9982267,B2B_WAREHOUSE
560,SDJ-CBS,Bakmi Sedjuk,"Sedjuk Grove CIBIS
Jl. TB Simatupang No.2, RT.13/RW.5, Cilandak Tim., Ps. Minggu, Kota Jakarta Selatan, Daerah Khusus Ibukota Jakarta 12560",-6.28896902,106.8129763,B2B_WAREHOUSE
575,SDJ-PIM,Bakmi Sedjuk,"Sedjuk Express - PIM 1 (Loading dock 5) Jl. Metro Pondok Indah No.Kav. 4, RT.1/RW.16, Pd. Pinang, Kec. Kebayoran Lama, Kota Jakarta Selatan, Daerah Khusus Ibukota Jakarta 12310, Indonesia",-6.264114838,106.7843848,B2B_WAREHOUSE
577,SDJ-CBN,Bakmi Sedjuk,"Sedjuk Bakmi & Kopi - CCM Cibinong (pengiriman ke CK PT Hello Man Djigo)
Jl. Merpati Raya No.8, Sawah Lama, Tangerang Selatan, Kota Tangerang Selatan, Banten 15413",-6.300188929,106.7322138,B2B_WAREHOUSE
291,SDJ-BLV,Bakmi Sedjuk,"Sedjuk Express - Baliview Cirendeu Bali View Padel & Pool, Perumahan Bali View, Jl. Tarumanegara No.46, Pisangan, Kec. Ciputat Timur, Kota Tangerang Selatan, Banten",-6.309792237,106.7687508,B2B_WAREHOUSE
127,BFL-BFL,The Buffalo Resto,Ruko The Buffalo Express - Ruko Pesona View Jl. Ir H. Juanda No 7 Mekar Jaya Kec. Sukmajaya Kota Depok Jawa Barat 16417,-6.381830537,106.8415841,B2B_WAREHOUSE
128,BFL-KBY,The Buffalo Resto,Jl. Cikajang No 41 Petogogan Kec. Kebayoran Baru Jakarta Selatan,-6.241541567,106.8103721,B2B_WAREHOUSE
177,DCGL-BAR,December Coffee Greenlake,"December Coffee Green Lake (Bar) Jalan Green Lake City Boulevard Rt. 006, Gondrong, Cipondoh Kota Tangerang Banten",-6.187626766,106.7014808,B2B_WAREHOUSE
178,DCGS-BAR,December Coffee Gading Serpong,"December Coffee Gading Serpong (Bar) Jl. Ir. Sukarno No.6, Cihuni, Kec. Pagedangan, Kabupaten Tangerang, Banten 15332",-6.26344552,106.6305606,B2B_WAREHOUSE
180,DCGL-KITC,December Coffee Greenlake,"December Coffee Green Lake (Kitchen)
Jalan Green Lake City Boulevard Rt. 006, Gondrong, Cipondoh Kota Tangerang Banten",-6.187626766,106.7014808,B2B_WAREHOUSE
181,DCGS-KITC,December Coffee Gading Serpong,"December Coffee Gading Serpong (Kitchen)
Jl. Ir. Sukarno No.6, Cihuni, Kec. Pagedangan, Kabupaten Tangerang, Banten 15332",-6.187626766,106.7014808,B2B_WAREHOUSE
260,DCBM-BAR,December Coffee Blok M,"December Coffee Blok M (BAR)
Lobby Menara Sentraya
Jalan Iskandarsyah II, Desa/Kelurahan Melawai, Kec. Kebayoran Baru, Kota Adm. Jakarta Selatan, Provinsi DKI Jakarta, 12160",-6.244203895,106.8035191,B2B_WAREHOUSE
261,DCBM-KITC,December Coffee Blok M,"December Coffee Blok M (KITCHEN)
Lobby Menara Sentraya
Jalan Iskandarsyah II, Desa/Kelurahan Melawai, Kec. Kebayoran Baru, Kota Adm. Jakarta Selatan, Provinsi DKI Jakarta, 12160",-6.244203895,106.8035191,B2B_WAREHOUSE
265,MXW-PGJ,Maxwell Coffee,"Maxwell Coffee (Pangeran Jayakarta)
Mazwell Hotel (1 gedung dengan centro kitchen)
Jl. Pangeran Jayakarta No.70, Mangga Dua Sel., Kecamatan Sawah Besar, Kota Jakarta Pusat, Daerah Khusus Ibukota Jakarta 10730",-6.146666915,106.8314887,B2B_WAREHOUSE
264,MXW-KGD,Maxwell Coffee,"Maxwell Coffee (Kelapa Gading)
Harton Towe Citi Hub (1 Gedung dengan Jin Resto)
Jl. Boulevard Artha Gading, RT.18/RW.8, Klp. Gading Bar., Kec. Klp. Gading, Jakarta, Daerah Khusus Ibukota Jakarta 14240",-6.147019754,106.8969297,B2B_WAREHOUSE
267,PPY-MTG,Papaya Menteng,"Papaya Menteng
Jl. Haji Agus Salim no.49 (Sabang), Kebon Sirih, Menteng, Jakarta Pusat 10340",-6.185611234,106.8251768,B2B_WAREHOUSE
263,PPY-CTW,Papaya Citywalk,"Papaya Citywalk 
Gd. CityWalk Sudirman Unit GF #09. Jl. KH Mas Mansyur No. 121 Tanah Abang, Jakarta Pusat 10220",-6.20881661,106.8187668,B2B_WAREHOUSE
268,PPY-PI,Papaya Pondok Indah,"Papaya Pondok Indah
Pondok Indah Golf Apartemen Orchid Tower Jl. Metro Pondok Indah Blok III B, Pondok Indah Kebayoran Lama Jakarta Selatan 12310",-6.272356608,106.7845625,B2B_WAREHOUSE
270,PPY-GDS,Papaya Gading Serpong,"Papaya Gading Serpong
Hampton Square
Jalan Gading Serpong Boulevard Unit GF-20, Desa/Kelurahan Medang
Kec. Pagedangan, Kab. Tangerang, Provinsi Banten, Kode Pos: 15334",-6.266031452,106.6185289,B2B_WAREHOUSE
129,TRF-TRF,Threefolks,"Three Folks Ice Cream And Coffee, Jalan Adhyaksa VII No. 38, RT.3/RW.5, Lb. Bulus, Lebak Bulus, Cilandak, KOTA JAKARTA SELATAN, CILANDAK, DKI JAKARTA, ID, 12440",-6.295628239,106.7809298,B2B_WAREHOUSE
205,TRF-CNRE,Threefolks,"Three Folks Cinere 
Jl. Anggrek, Blok F II No. 25, Cinere, Kec. Cinere, Kota Depok, Jawa Barat 16514 (Inside Drip Padel)",-6.345578142,106.7805776,B2B_WAREHOUSE
262,JOEL-JOEL,Joelle Restaurant,"Joelle Restaurant
Jl. Cikatomas II No.9, Rw. Bar., Kec. Kby. Baru, Kota Jakarta Selatan, Daerah Khusus Ibukota Jakarta 12180",-6.236838914,106.8120466,B2B_WAREHOUSE
124,HMD-HMD,PT Hello Man Djigo,"PT Hello Mandjigo Jl. Merpati Raya No.8, Sawah Lama, Kota Tangerang Selatan, Banten 15413",-6.300188929,106.7322138,B2B_WAREHOUSE
207,GO_PPL,Gomart - Panglima Polim,"1P GoMart HUB Panglima Polim, Jl. Panglima Polim No.105, RT.9 RW.7, Pulo, Kec. Kby. Baru, Kota Jakarta Selatan, Daerah Khusus Ibukota Jakarta 12160, Indonesia",-6.251704438,106.7972063,B2B_WAREHOUSE
284,GO_TBT,Gomart - Tebet,"GoMart 1P HUB Tebet
Jl. Pal Batu 3, RT.4/RW.10, Menteng Dalam, Kec. Tebet, Kota Jakarta Selatan, Daerah Khusus Ibukota Jakarta 12870",-6.226350545,106.8418918,B2B_WAREHOUSE
132,MDV-KBY,Medivet pet hospital & clinic,"MEDIVET Kebayoran Baru: Jl. Cikajang No.57, RT.5/RW.5, Petogogan, Kec. Kby. Baru, Kota Jakarta Selatan, Daerah Khusus Ibukota Jakarta 12170",-6.242684837,106.8097445,B2B_WAREHOUSE
134,MDV-KGD,Medivet pet hospital & clinic,"MEDIVET Kelapa Gading: Ruko Inkopal, Jl. Boulevard Bar. Raya No.37 Blok C No. 36, Klp. Gading Bar., Kec. Klp. Gading, Jkt Utara, Daerah Khusus Ibukota Jakarta 14240",-6.15146165,106.8895055,B2B_WAREHOUSE
135,MDV-PURI,Medivet pet hospital & clinic,"MEDIVET Puri Indah: Komplek Ruko Sentral Niaga, Jl. Puri Indah Raya Puri Molek No.18-19 Blok.T6, RT.1/RW.2, South Kembangan, Kembangan, West Jakarta City, Jakarta 11610",-6.188213367,106.7360307,B2B_WAREHOUSE
133,MDV-PDI,Medivet pet hospital & clinic,"MEDIVET Pondok Indah: Ruko Plaza 2 Pondok Indah No. BA/09, Jalan Arteri Pondok Indah, Kebayoran Lama, Jakarta Selatan 12130, Kota Jakarta Selatan, Daerah Khusus Ibukota Jakarta 12310",-6.285274635,106.78061,B2B_WAREHOUSE
137,MDV-BNTR,Medivet pet hospital & clinic,"MEDIVET Bintaro: Jl. Pd. Betung Raya No. 97, Pd. Karya, Kec. Pd. Aren, Kota Tangerang Selatan, Banten 15225",-6.270919272,106.74236,B2B_WAREHOUSE
206,MDV-PDHB,Medivet pet hospital & clinic,"PDHB drh. Cucu Kartini S. Joint Veterinary Practice
Ruko, Nirwana Sunter Asri, Jl. Sunter Permai Raya No.2 Tahap 3, RT.2/RW.12, Papanggo, Kec. Tj. Priok, Jkt Utara, Daerah Khusus Ibukota Jakarta 14340",-6.132779843,106.8651869,B2B_WAREHOUSE
136,MDV-GRVY,Medivet pet hospital & clinic,"Groovy Vet Care: Ruko Galeri Niaga, No. 9F-G, Jl. H. Nawi Raya, Gandaria Sel., Kec. Cilandak, Kota Jakarta Selatan, Daerah Khusus Ibukota Jakarta 12420",-6.263902746,106.7890849,B2B_WAREHOUSE
240,SPHS-SPHS,Santika Premiere Hotel Slipi,"Santika Premiere Hotel Slipi
Jl. K.S. Tubun No.7, RT.1/RW.7, Slipi, Kec. Palmerah, Kota Jakarta Barat, Daerah Khusus Ibukota Jakarta 11410",-6.198282336,106.8024945,B2B_WAREHOUSE
120,DRSR-DRSR,XXI Indonesia,"Miele House Gedung C           
Jl. K.H Wahid Hasyim No 96A Menteng Jakarta Pusat 10340
",-6.186666397,106.8268897,B2B_WAREHOUSE
117,EXP-EXP,Expat Roasters,"Expat Roasters Mori Tower 
Lt. 13Jl. Jenderal Sudirman No.Kav 40-41, RT.14/RW.1, Bend. Hilir, Kecamatan Tanah Abang, Kota Jakarta Pusat, Daerah Khusus Ibukota Jakarta 10210
(Masuk lewat loading dock)",-6.216216618,106.8153353,B2B_WAREHOUSE
281,EXP-AEON,Expat Roasters,"Expat Roasters - Aeon Mall BSD
AEON Mall BSD Lt. 1 Jl. BSD Raya Utama, Pagedangan, Kec. Pagedangan, Kabupaten Tangerang, Banten",-6.296212136,106.6444614,B2B_WAREHOUSE
103,HHP-HHP,HHP Lawfirm,"Pacific Century Place, Level 35, Sudirman Central Business District Lot 10, Jl. Jendral Sudirman Kav 52-53, Jakarta 12190, Indonesia",-6.227044361,106.8085642,B2B_WAREHOUSE
150,GDL-BSD,Grand Lucky,"GrandLucky BSD
Midwest S5 No. 1 Jl. BSD Boulevard Utara Lengkong Kulon
Pagedangan TANGERANG, BANTEN 15331",-6.285571236,106.6236339,B2B_WAREHOUSE
151,GDL-PIK,Grand Lucky,"GrandLucky PIK
Kawasan Pantai Maju, Jl. The Gold Island Boulevard, Kamal Muara, Penjaringan DKI Jakarta 1",-6.090927755,106.7462196,B2B_WAREHOUSE
152,GDL-MOI,Grand Lucky,"GrandLucky MOI
Mall Of Indonesia Lt LG Unit B-02, Jl. Raya Boulevard Barat,
Kelapa Gading DKI JAKARTA 142
",-6.151624388,106.8929717,B2B_WAREHOUSE
163,GDL-KHI,Grand Lucky,"GrandLucky Harapan Indah
Jl. Harapan Indah Boulevard No.9, RT.005/RW.3, Medan Satria, Kecamatan Medan Satria, Kota Bks, Jawa Barat 17132",-6.186268768,106.9743785,B2B_WAREHOUSE
164,GDL-RDL,Grand Lucky,"GrandLucky - Radio Dalam
Jl. Radio Dalam Raya No.9, RT.4/RW.4, Gandaria Utara, Kec. Kby. Baru, Kota Jakarta Selatan, Daerah Khusus Ibukota Jakarta 12140",-6.253637559,106.7907062,B2B_WAREHOUSE
166,GDL-PRGN,Grand Lucky,"GrandLucky Paragon
Grand Paragon Mall, Jl. Gajah Mada No.126, Keagungan, Kec. Taman Sari, Jakarta, Daerah Khusus Ibukota Jakarta 11130",-6.151615953,106.8161195,B2B_WAREHOUSE
165,GDL-CNRE,Grand Lucky,"Grand Lucky Cinere
Living Plaza Cinere, Jl. Cinere Raya No.100, Cinere, Kec. Cinere, Kota Depok, Jawa Barat 16514",-6.329502587,106.7828474,B2B_WAREHOUSE
167,GDL-PURI,Grand Lucky,"Grand Lucky - Puri Indah Mall 2
Jl. Puri Agung No.1, RT.1/RW.2, Kembangan Sel., Kec. Kembangan, Kota Jakarta Barat, Daerah Khusus Ibukota Jakarta 11610",-6.186290073,106.7327174,B2B_WAREHOUSE
168,GDL-ANC,Grand Lucky,"Grand Lucky Ancol
Jl. Marina Ancol Barat Blok A1, Ancol, Kec. Pademangan, Jkt Utara, Daerah Khusus Ibukota Jakarta 14430",-6.120277634,106.8248326,B2B_WAREHOUSE
184,GDL-GLC,Grand Lucky,"GrandLucky - Green Lake City
La Vela, Green Lake LV Jl. Green Lake City Boulevard No.73, Gondrong, Kec. Cipondoh, Kota Tangerang, Banten 11750",-6.188114336,106.7012174,B2B_WAREHOUSE
162,GDL-SCBD,Grand Lucky,"GrandLucky Superstore SCBD
Kawasan Niaga Terpadu Sudirman (SCBD, Jl. Jenderal Sudirman LOT-12, Senayan, Kec. Kby. Baru, Kota Jakarta Selatan, Daerah Khusus Ibukota Jakarta 12190",-6.226493086,106.8058426,B2B_WAREHOUSE
273,DDF-DDF,88 Fruit Store,"88 Fruit Store (PT Buah Delapan Delapan)
Jl. Jenderal Sudirman Blk. I No.17, Pd. Pucung, Kec. Pd. Aren, Kota Tangerang Selatan, Banten 15229 ",-6.279666811,106.7172556,B2B_WAREHOUSE
287,FDMX-VDLM,FOODMAX,"FOODMAX VILLA DELIMA-DC 
Ruko Villa Delima RT.14/RW.3, Jalan Karang Tengah Raya, Cilandak, RT.14/RW.3, Lb. Bulus, Jakarta Selatan, Kota Jakarta Selatan, Daerah Khusus Ibukota",-6.30872141,106.7802509,B2B_WAREHOUSE
197,JIN-RST,Jin Resto Japanese Contemporary,"Jin Resto Japanese Contemporary
Jl. Boulevard Artha Gading, RT.18/RW.8, Klp. Gading Bar., Kec. Klp. Gading, Jkt Utara, Daerah Khusus Ibukota Jakarta 14240",-6.146533515,106.896876,B2B_WAREHOUSE
198,JIN-CKC,Jin Resto Japanese Contemporary,"Centro kitchen 
Jl. Pangeran Jayakarta No.70, Mangga Dua Sel., Kecamatan Sawah Besar, Kota Jakarta Pusat, Daerah Khusus Ibukota Jakarta 10730",-6.146548949,106.8314669,B2B_WAREHOUSE
288,PDLM-PDLM,Padeloom (Ecoute & Le Baron),"Padeloom (Ecoute & Le Baron)
Jl. Parkir Graha Mitra No.Kav. 21, Karet Semanggi, Kecamatan Setiabudi, Kota Jakarta Selatan, Daerah Khusus Ibukota Jakarta 12930",-6.227895346,106.8213861,B2B_WAREHOUSE
272,GOF-GD,Go Fruit Gudang,"Go Fruit Gudang (PT Sukses Hidup Berkat)
Pergudangan Benda Permai, Jl. Raya Perancis Kav. 68, Jl.
Pergudangan Benda Permai No.Blok A24, RT.003/RW.008, Banten, 15125, Indonesia (samping hotel fm7)",-6.105210323,106.686675,B2B_WAREHOUSE
249,SMI-SMI,Astra Financial,"MENARA ASTRA LANTAI 57, JALAN JENDERAL SUDIRMAN KAV 5-6 KARET TENGSIN TANAH ABANG JAKARTA PUSAT DKI JAKARTA 10220",-6.207116811,106.8211905,B2B_WAREHOUSE
295,CST-RTIW,Ibu Rita/ Pak H.Iwan,"Puri Depok Mas Blok BB4 Rt.04. Rw.20, Kel.Pancoran Mas, Kec.Pancoran Mas, Depok.
Hp: 082125954184
Pantokan : Kantor kel.Pancoran Mas, Depok",-6.395206997,106.803023,B2B_WAREHOUSE
211,GRMK-PSQ,Grab Mart Kilat,"Poins Square
Jl. R.A. Kartini No.1, Lebak Bulus, Cilandak, Jakarta Selatan 12440",-6.290074116,106.7784949,B2B_WAREHOUSE
221,GRMK-CBN,Grab Mart Kilat,"GMK Cibinong
Lobby Mitra 10 Cibinong, Jl. Raya Jakarta-Bogor Pabuaran, Ciriung, Kec. Cibinong, Kabupaten Bogor, Jawa Barat 16916",-6.461011058,106.8574536,B2B_WAREHOUSE
226,GRMK-JUN,Grab Mart Kilat,"GMK Juanda
Jl. Insinyur H. Juanda No.19, RT.003/RW.011, Margahayu, Kec. Bekasi Tim., Kota Bks, Jawa Barat 17113",-6.248347013,107.0179579,B2B_WAREHOUSE
227,GRMK-KMY,Grab Mart Kilat,"GMK Kemayoran
Jl.Bungur Besar Raya No.46E, RT.007 RW.001 Jakarta Pusat",-6.161530822,106.8395481,B2B_WAREHOUSE
230,GRMK-TJD,Grab Mart Kilat,"GMK Tanjung Duren
Jl.Tanjung duren Barat I No.1 Kel.Tanjung Duren Kec.Grogol Petaburan Jakarta Barat",-6.172964019,106.7831103,B2B_WAREHOUSE
231,GRMK-VTR,Grab Mart Kilat,"GMK Veteran
Jl. Kesehatan RT 003/RW 06 Kec. Pesanggrahan Kel,Bintaro Jakarta selatan",-6.270354753,106.7612419,B2B_WAREHOUSE
214,GRMK-STBD,Grab Mart Kilat,"GMK Setiabudi
Jl. Guntur No.76, Setiabudi, Jakarta Selatan",-6.210064708,106.8352059,B2B_WAREHOUSE
218,GRMK-FTM,Grab Mart Kilat,"GMK Fatmawati
Jalan RS Fatmawati No.2 RT.003 RW.003 Kel. Cilandak Barat Kec. Cilandak, Jakarta Selatan",-6.288834163,106.7956771,B2B_WAREHOUSE
219,GRMK-MRY,Grab Mart Kilat,"GMK Meruya
Jalan Pesanggrahan 19A RT.001 RW.003 Kel. Meruya Utara, Kec. Kembangan, Jakarta Barat",-6.19085571,106.7558838,B2B_WAREHOUSE
220,GRMK-DWS,Grab Mart Kilat,"GMK Dewi Sartika
Jl. Dewi Sartika No.9, Depok, Kec. Pancoran Mas, Kota Depok, Jawa Barat 16430",-6.400086668,106.8167318,B2B_WAREHOUSE
222,GRMK-CBR,Grab Mart Kilat,"GMK Cibubur
Area Bongkar Muat / Loading Dock Transmart Cibubur, Lantai LG Jl. Alternatif Cibubur No.230, Harjamukti, Kec. Cimanggis, Kota Depok, Jawa Barat 16454",-6.375473494,106.9020493,B2B_WAREHOUSE
223,GRMK-EMP,Grab Mart Kilat,"GMK Emporium
Area Bongkar Muat / Loading Dock Transmart Emporium Pluit, Lantai LG, Jl. Pluit Selatan Raya No.1, Penjaringan, Kec. Penjaringan, Jkt Utara, Daerah Khusus Ibukota Jakarta 14440",-6.127079078,106.7910294,B2B_WAREHOUSE
224,GRMK-CMP,Grab Mart Kilat,"GMK Cempaka Putih
Transmart Cempaka Putih, Jl. Jenderal Ahmad Yani No.83, RT.10/RW.7, Cemp. Putih Tim., Kec. Cemp. Putih, Kota Jakarta Pusat, Daerah Khusus Ibukota Jakarta 10510",-6.168607059,106.8768051,B2B_WAREHOUSE
225,GRMK-LRT,Grab Mart Kilat,"GMK LRT Pegangsaan
Unit R7 Depo LRT Jakarta, Jalan Raya Kelapa Nias, Pegangsaan Dua, Kelapa Gading, Jakarta Utara",-6.154238991,106.9135278,B2B_WAREHOUSE
232,GRMK-BSD,Grab Mart Kilat,"GMK ITC BSD
Jl. Pahlawan Seribu No.12, Lengkong Wetan, Kec. Serpong, Kota Tangerang Selatan, Banten 15310",-6.266190482,106.6552176,B2B_WAREHOUSE
233,GRMK-GRH,Grab Mart Kilat,"GMK Graha Bintaro
Jl. Boulevard Graha Raya, Bintaro, Paku Jaya, Kec. Serpong Utara, Kota Tangerang Selatan, Banten 15324",-6.232516493,106.6804959,B2B_WAREHOUSE
465,GRMK-CPNG,Grab Mart Kilat,"GMK - Cipinang
Jalan Bekasi Timur IV No. 12B, 12C, 12D Kelurahan Cipinang Besar, Kecamatan Jatinegara, Jakarta Timur",-6.219269949,106.8769166,B2B_WAREHOUSE
565,GRMK-PLM,Grab Mart Kilat,"GMK - Palmerah
Jl. Palmerah Barat Ruko No. 21-C Kemanggisan Palmerah Jakarta Barat DKI Jakarta, RT.3/RW.1, Gelora, Kecamatan Tanah Abang, Kota Jakarta Pusat, Daerah Khusus Ibukota Jakarta 11480, Indonesia",-6.20694965,106.7952866,B2B_WAREHOUSE
566,GRMK-DTA,Grab Mart Kilat,"GMK- Duren Tiga
Jl. Raya Pasar Minggu No.05, RT.2/RW.7, Duren Tiga, Kec. Pancoran, Kota Jakarta Selatan, Daerah Khusus Ibukota Jakarta 12760, Indonesia",-6.261543967,106.8435264,B2B_WAREHOUSE
210,GRMK-SOQ,Grab Mart Kilat," South Quarter - Grab Ovo Office | ( Receipts) Vendor
 Jl. R.A. Kartini No.Kav. 8, Cilandak Bar., Kec.
 Cilandak, Kota Jakarta Selatan, Daerah Khusus
 Ibukota Jakarta 12430",-6.291082019,106.7850253,B2B_WAREHOUSE
228,GRMK-XML,Grab Mart Kilat,"GMK Xmall Kalimalang
Komp. Billy Moon, Jl. Raya Kalimalang No.1 Blok D-E, RT.1/RW.10, Pd. Klp., Kec. Duren Sawit, Kota Jakarta Timur, Jawa Barat 13450",-6.247990449,106.9320317,B2B_WAREHOUSE
229,GRMK-DMT,Grab Mart Kilat,"GMK Daan Mogot
Jl.Lingkar Luar Barat No.3.A RT.012 RW.04 Kec.Cengkareng Kel.Cengkareng Barat Jakarta Barat",-6.153188187,106.7269436,B2B_WAREHOUSE
304,BRIK-STR,BRIK⁠ ⁠Bp Sunter,"BRIK⁠ ⁠Bp Sunter Jl. Yos Sudarso No. 85, Kelurahan Sunter Jaya, Kecamatan Tanjung Priok, Jakarta Utara DKI Jakarta 14360",-6.146328785,106.8895664,B2B_WAREHOUSE
299,BRIK-ALS,BRIK⁠ ⁠kantor alsut,"BRIK ALSUT Jl Raya Serpong KM7 No. 289 RT 002/RW 001 Pakulonan, Serpong Utara Tangerang Selatan, Banten 15325",-6.238202857,106.6463731,B2B_WAREHOUSE
307,BRIK-GDB,BRIK⁠ ⁠Bp Gedebage,"BRIK⁠ ⁠Bp Gedebage
Jl. Rumah Sakit No.86, Pakemitan, Kec. Cinambo, Kota Bandung, Jawa Barat 45474",-6.921504828,107.6974343,B2B_WAREHOUSE
305,BRIK-CKR,BRIK⁠ ⁠Bp Cikarang,"BRIK CIKARANG Jl Raya Serpong KM7 No. 289 RT 002/RW 001 Pakulonan, Serpong Utara Tangerang Selatan, Banten 15325",-6.328527805,107.1721958,B2B_WAREHOUSE
300,BRIK-NRG,BRIK⁠ ⁠kantor narogong,"BRIK NAROGONG Jl Narogong Raya KM 6,5 No. 303 RT 009/RW 002 Bojong Rawalumbu, Kec. Rawalumbu, Rawalumbu, Kota Bekasi Jawa Barat 17116",-6.288756151,106.9855972,B2B_WAREHOUSE
301,BRIK-LGK,BRIK⁠ ⁠Bp Legok,"BRIK⁠ ⁠Bp Legok Jl. Raya Legok - Karawaci No. KM5 Legok, Kec. Legok Kab. Tangerang, Banten Tangerang Banten 15820 Indonesia",-6.277938791,106.5960542,B2B_WAREHOUSE
302,BRIK-BLR,BRIK⁠ ⁠Bp balaraja,"BRIK⁠ ⁠BALARAJA Jalan Raya Serang KM 3 RT 006/RW 001 Kel. Sumur Bandung, Kec. Jayanti Tangerang Banten 15610 Indonesia",-6.216208076,106.4049916,B2B_WAREHOUSE
303,BRIK-STL,BRIK⁠ ⁠Bp Sentul,"BRIK SENTUL  Jl Raya Serpong KM7 No. 289 RT 002/RW 001 Pakulonan, Serpong Utara Tangerang Selatan, Banten 15325",-6.555240108,106.850656,B2B_WAREHOUSE
306,BRIK-KRW,BRIK⁠ ⁠Bp Karawang,"BRIK⁠ ⁠Bp Karawang Jl Raya Serpong KM7 No. 289 RT 002/RW 001 Pakulonan, Serpong Utara Tangerang Selatan, Banten 15325",-6.362027564,107.3229738,B2B_WAREHOUSE
298,BRIK-MTL,BRIK⁠ ⁠Kantor metland,"BRIK⁠ ⁠Kantor metland Metland Puri J4, RT.009, RW.008, Petir, Kec. Cipondoh, Kota Tangerang, Banten 15147",-6.196566136,106.7093773,B2B_WAREHOUSE
310,YMY-BTB,Yummy Corp,"PT. Bina Tumbuh Bhineka CW Kosambi - Jl. Raya Duri Kosambi No. 153, RT.01/RW.01, Duri Kosambi, Kecamatan Cengkareng, Kota Jakarta Barat, Daerah Khusus Ibukota Jakarta 11750",-6.169398193,106.7247017,B2B_WAREHOUSE
271,GLLR-GLLR,Gallura Ristorante & Bar,"Gallura Ristorante & Bar
The Breeze BSD City, Jl. BSD Green Office Park Unit L 60, RW.61, Sampora, Kec. Cisauk, Kabupaten Tangerang, Banten 15345",-6.302496414,106.654999,B2B_WAREHOUSE
243,CSRR-CSRR,Catering Srirasa (Central kitchen),"Catering Srirasa (Central kitchen)
Jalan Pluit Timur Blok I Sel.2, No. 1-4, Kel. Pluit, Kec. Penjaringan,
Kota Adm. Jakarta Utara, Prop. DKI Jakarta",-6.1215,106.7975,B2B_WAREHOUSE
375,MTSJ-MTSJ,RS Murni Teguh Sudirman Jakarta,"RS Murni Teguh Sudirman Jakarta 
Kawasan Sahid City, Jl. Jenderal Sudirman No.86, RT.10/RW.11, Karet Tengsin, Kecamatan Tanah Abang, Kota Jakarta Pusat, Daerah Khusus Ibukota Jakarta 10220
Bag Gizi lt. B1",-6.209273146,106.8194489,B2B_WAREHOUSE
351,CST-GLN,Glenn Manusama,"Glenn Manusama
Jl. Marga Guna I No. 24, Gandaria Utara, Kebayoran Baru, Jakarta Selatan 12140",-6.262087408,106.7868831,B2B_WAREHOUSE
255,MBG-MBG,MBG Pasar Minggu,"Jl. Palapa III No.5, Kel. Pasar Minggu, Kec. Pasar Minggu",-6.288444508,106.8394574,B2B_WAREHOUSE
466,CST-MBG,SPPG KALIBARU-YAY. Sahabat Untuk Bekasi,"Jl. Kalibaru Timur No.12, RT.001/RW.004, Kali Baru, Kecamatan Medan Satria, Kota Bks, Jawa Barat 17132",-6.215220078,106.9814037,B2B_WAREHOUSE
149,GDK-KGD,Green Door Kitchen,"Green Door Kitchen Kelapa Gading Mahaka Square Kelapa Gading, Jl. Raya Kelapa Nias Blok HF 3 Unit B 18-23 Lt.Dasar RT/RW 008/06 Kec Kelapa Gading, Jakarta Utara, 14240 021-22454230",-6.149263952,106.9031345,B2B_WAREHOUSE
148,GDK-SCBD,Green Door Kitchen SCBD,"Green Door Kitchen SCBD Sequis Tower GF-01, Jl. Jenderal Sudirman no 71 Kec. Kebayoran Baru, Jakarta 12190 021-27096788",-6.224741944,106.8066505,B2B_WAREHOUSE
476,CST-AYM,Grosir Ayam Segar Hanania Selatan,"Jl. Sirsak  No.69A, RT.10/RW.7, Jagakarsa, Kec. Jagakarsa, Kota Jakarta Selatan, Daerah Khusus Ibukota Jakarta 12620, Indonesia",-6.335262707,106.822579,B2B_WAREHOUSE
158,WTC-WTC,Watt Coffee,"Watt Coffee
Capitol Park Residence, Jalan Salemba Raya no. 16, Kenari, Kec. Senen, Kota Jakarta Pusat, Daerah Khusus Ibukota Jakarta Tower Sapphire (Watt Coffee) SENEN JAKARTA DKI JAKARTA.",-6.196909505,106.8504956,B2B_WAREHOUSE
493,FYN-FYN,Fyn Clinic,"Fyn Nutrition & Wellness Center
Jl. Gandaria Tengah III No.21, RT.4/RW.3, Kramat Pela, Kec. Kby. Baru, Kota Jakarta Selatan, Daerah Khusus Ibukota Jakarta 12130",-6.246400856,106.7900809,B2B_WAREHOUSE
519,CST-FDC,FDC Fest,"GBK Madya Stadium - Ruang Logistik Madya A 
Jl. Asia Afrika, RT.1/RW.3, Gelora, Kecamatan Tanah Abang, Kota Jakarta Selatan, Daerah Khusus Ibukota Jakarta 10270",-6.217121179,106.7996115,B2B_WAREHOUSE
531,MDS-MDS,Made’s Warung Jakarta,"Made’s Warung Jakarta PS Lt1 Jakarta, Plaza Senayan, Jl. Asia Afrika No.8, RT.1/RW.3, Gelora, Kecamatan Tanah Abang, Kota Jakarta Pusat, Daerah Khusus Ibukota Jakarta 10270",-6.226353786,106.7990519,B2B_WAREHOUSE
537,MDS-SCBD,Made’s Warung Jakarta,"Made’s Warung Jakarta SCBD
SOL Collective Space, Kav. 52-53, Jl. Jenderal Sudirman Lot 17A, RT.5/RW.3, Senayan, Kec. Kby. Baru, Kota Jakarta Selatan, Daerah Khusus Ibukota Jakarta 12190",-6.230089022,106.8095518,B2B_WAREHOUSE
147,HKN-HKN,Hakken Coffee,"Hakken Coffee
Grand Galaxy Ruko Cordova Blok C RGC3 No.17, Jaka Setia, Bekasi Selatan, Bekasi",-6.277644581,106.9746871,B2B_WAREHOUSE